{
    "jenkinsprodstyle":     {
        "ini-file": "jenkins_dev_prodstyle",
        "clone": "true",
        "swap": "false",
        "env": "Prod"
    },
    "jenkinsnonprod":     {
        "ini-file": "jenkins_dev",
        "clone": "false",
        "swap": "true",
        "env": "Non-Prod"
    },
    "RLSRVAD01-04":     {
        "ini-file": "rva_dev",
        "clone": "false",
        "swap": "true",
        "env": "Non-Prod"
    },
    "RLSRVAQ01-04":     {
        "ini-file": "rva_qa-atl_4",
        "clone": "true",
        "swap": "false",
        "env": "Prod"
    },
    "RLSCV01-02":     {
        "ini-file": "pca-cv",
        "clone": "false",
        "swap": "true",
        "env": "Non-Prod"
    },
    "RLSCASP01":     {
        "ini-file": "caspian",
        "clone": "true",
        "swap": "false",
        "env": "Prod"
    },
    "RLSHT01-05":     {
        "ini-file": "qa_fuse",
        "clone": "false",
        "swap": "true",
        "env": "Non-Prod"
    },
    "RLSPP01-06":     {
        "ini-file": "prepost_full",
        "clone": "false",
        "swap": "true",
        "env": "Non-Prod"
    },
    "RLSREREG1":     {
        "ini-file": "rlsrereg1",
        "clone": "true",
        "swap": "false",
        "env": "Prod"
    },
    "RLSREREG2":     {
        "ini-file": "rlsrereg2",
        "clone": "true",
        "swap": "false",
        "env": "Prod"
    }
}