<?xml version="1.0" encoding="UTF-8"?>

<root>

	<!--error pattern to look for in logs-->
	<error_parameters>
	
		<error_pattern>(ORA-\d{5})|(SP2-\d{4})</error_pattern>
	
	</error_parameters>



	<!--attributes for the database to connect to-->
	<database_parameters>
	
		<database_driver>oracle.jdbc.driver.OracleDriver</database_driver>
		<database_host>@db_host@</database_host>
		<database_port>@db_port@</database_port>
		<database_sid>null</database_sid>
		<database_service>@db_service@</database_service>
		<database_user>rule_upkeep</database_user>
		<database_password>rule_upkeep</database_password>
	
	</database_parameters>



	<!-- list of oracle error codes that the parser will ignore to report as important -->
	<error_codes >
	
		<!-- ORA-02275: such a referential constraint already exists in the table (while adding foreign key which already exist) -->
		<error_code1>
			<code>ORA-02275</code>
			<description>such a referential constraint already exists in the table</description>
			<comment>while adding foreign key constraint on a table column that already exists</comment>
		</error_code1>
		
		<!-- ORA-01917: user or role 'XYZ' does not exist (while granting privileges to a user or role that does not exist)  -->
		<error_code2>
			<code>ORA-01917</code>
			<description>user or role 'XYZ' does not exist</description>
			<comment>while providing grants to a role or user that does not exist in given database</comment>
		</error_code2>
		
		<!-- ORA-04043: object XYZ does not exist (while dropping an object that does not exist)  -->
		<error_code3>
			<code>ORA-04043</code>
			<description>object XYZ does not exist</description>
			<comment>while dropping an object that does not exist</comment>
		</error_code3>
		
		<!-- ORA-02303: cannot drop or replace a type with type or table dependents (while dropping a type definition)  -->
		<error_code4>
			<code>ORA-02303</code>
			<description>cannot drop or replace a type with type or table dependents</description>
			<comment>while dropping a type definition</comment>
		</error_code4>
		
	</error_codes>
		
		
	
	<!-- log parameters: path from where the log files will be parsed -->
	<log_parameters>
	
		<log_path>@log_path@</log_path>
		
	</log_parameters>
	
	
	
	<!-- result parameters: path where parsed log results will be stored -->
	<result_parameters>
	
		<ignore_error_log>ignore_errors.log</ignore_error_log>
		<important_error_log>important_errors.log</important_error_log>
		<invalid_dbobjects_log>invalid_dbobjects.log</invalid_dbobjects_log>
		<dependency_violations_log>dependency_violations.log</dependency_violations_log>
		
	</result_parameters>
	
</root>