{
	"VPMTST1":{
		"database_service":"",
		"database_host":"vpmtst1.ihtech.com",
		"database_port":""
	},
	"VPMCICD":{
		"database_service":"VPMCICD.iht.com",
		"database_host":"usddelphix08.ihtech.com",
		"database_port":"1521"
	},
	"VPMSPTE":{
		"database_service":"VPMSPTE.iht.com",
		"database_host":"usddelphix08.ihtech.com",
		"database_port":"1521"
	},
	"VPMDEMO":{
		"database_service":"VPMDEMO.iht.com",
		"database_host":"usadelphix06.ihtech.com",
		"database_port":"1521"
	},
	"VPMDEV1":{
		"database_service":"VPMDEV1.iht.com",
		"database_host":"vpmdev1.ihtech.com",
		"database_port":"1521"
	},
	"VPMDEV2":{
		"database_service":"VPMDEV2.iht.com",
		"database_host":"usadelphix03",
		"database_port":"1521"
	},
	"VCSQPCV5":{
		"database_service":"VCSQPCV5.iht.com",
		"database_host":"usadelphix04",
		"database_port":"1521"
	},
	"VCSPCV5":{
		"database_service":"VCSPCV5.iht.com",
		"database_host":"usadelphix07",
		"database_port":"1521"
	},
	"VPMPOC1":{
		"database_service":"VPMPOC1N.iht.com",
		"database_host":"usddelphix08",
		"database_port":"1521"
	},
	"VPMPOC1N":{
		"database_service":"VPMPOC1N.iht.com",
		"database_host":"usddelphix08",
		"database_port":"1521"
	}
}